{"noiseKey":{"private":{"type":"Buffer","data":"AL22fg5k7EfJuP1BCeVVliryjkjTSNqzKqS28aP/qUo="},"public":{"type":"Buffer","data":"uNusZSulEPKTlqOITxliIUv50fhes7n9AKPMTaJIvwg="}},"pairingEphemeralKeyPair":{"private":{"type":"Buffer","data":"QJU3aW3UQ3EUoE7MZ+IINE/fH1mEzsiakdzSSo80nVw="},"public":{"type":"Buffer","data":"YQCx8zmUInzqRVd+aCG06vnR0WHWz2ACnYnXPPdtAFs="}},"signedIdentityKey":{"private":{"type":"Buffer","data":"SJZGovtF8ly4i1zXwXJg4kHnQkbrCimFPy51oRgegEQ="},"public":{"type":"Buffer","data":"zfMoMCUExJSMgsMuLtbLvSaSeqzQqxLNtCBjUS52fHw="}},"signedPreKey":{"keyPair":{"private":{"type":"Buffer","data":"CGCWz/Tx2W0Nd5/G0n9hOVOML2D8VmEzkTHDzGtkx2I="},"public":{"type":"Buffer","data":"7UkTWeFxfuGM+HF51IwnGwHrjpIkoUIxh5tibYlLqzg="}},"signature":{"type":"Buffer","data":"Y+81wSyygh8KNiq9UYyo3OUtURueN253HF5NHi57c/JqA0sTpWIlqEHyzUAdM/xFpXX8mViYaljRjoCtsTIRAw=="},"keyId":1},"registrationId":119,"advSecretKey":"yBbKEmslVNkiqZYs/aK+YQKj83OzZ9QB6rILKvc7d+I=","processedHistoryMessages":[],"nextPreKeyId":1,"firstUnuploadedPreKeyId":1,"accountSyncCounter":0,"accountSettings":{"unarchiveChats":false},"deviceId":"cfV0Q9UfSVi2_aZAEp1oMw","phoneId":"b5c26f9a-9956-4881-a017-5358a6e58614","identityId":{"type":"Buffer","data":"K+VpDxljwnD7eAFEw8IuSWUoiBs="},"registered":false,"backupToken":{"type":"Buffer","data":"/lrUvq9R6Ez76HkUarSlf8H+lDg="},"registration":{},"pairingCode":"VTK85J9B","me":{"id":"628979206632@s.whatsapp.net","name":"~"}}